ชื่อกลยุทธ์,หมวด,ลักษณะ,ตัวอย่างกลยุทธ์
ปิดฟ้าข้ามทะเล,ชนะศึก,"หมายถึงการทำสิ่งใดสิ่งหนึ่งอย่างเปิดเผยในขณะที่แอบเตรียมการอื่น ๆ มักจะเกิดขึ้นเมื่อเห็นสิ่งใดสิ่งหนึ่งที่ชัดเจน แต่สิ่งนั้นไม่ได้ก่อให้เกิดความสงสัยหรือความกังวล กลยุทธ์นี้มีความสำคัญอย่างยิ่งเมื่อต้องโจมตีศัตรูที่แข็งแกร่งและเตรียมพร้อม หรือเมื่อเผชิญหน้ากับศัตรูที่ทรงพลังเป็นครั้งแรก มันเกี่ยวข้องกับการ ถอยทัพเสแสร้ง โดยแกล้งทำตัวอ่อนน้อมและยอมจำนนต่อศัตรู ปล่อยให้พวกเขาลดความระมัดระวัง รอจังหวะและโอกาสที่เหมาะสมเพื่อเข้าโจมตีและเอาชนะพวกเขาอย่างสิ้นเชิง ตำราพิชัยสงครามกล่าวไว้ว่า: ให้ทำเป็นหนีเพื่อล่อศัตรูเข้าสู่กับดัก",การนำเอากลยุทธ์ปิดฟ้าข้ามทะเลถูกใช้โดยลกซุน เขาแกล้งทำเป็นป่วย แล้วอ้างว่ากำลังจะกลับบ้านเกิด จากนั้นก็แอบโจมตีเกงจิ๋วซึ่งไม่ได้มีการป้องกันที่ดีจากกวนอู เมื่อกวนอูนำทัพไปโจมตีโจโฉที่เมืองอ้วนเซียง เขาปล่อยให้บิฮองและฮูสีเริ่นเฝ้าเกงจิ๋ว กวนอูได้สั่งให้พวกเขาลาดตระเวน ตรวจสอบ และปกป้องเกงจิ๋วอย่างต่อเนื่อง
ล้อมเว่ยช่วยจ้าว,ชนะศึก,"หมายถึงศัตรูได้รวบรวมกำลังทหารและไพร่พลไว้ที่จุดศูนย์กลาง ทำให้เกิดกำลังและความเข้มแข็งเพิ่มมากขึ้น ควรใช้กลยุทธ์นี้เพื่อแบ่งแยกศัตรูให้แตกออกเป็นส่วนๆ ทำให้กำลังพลทหารกระจัดกระจาย คอยระแวดระวังหน้าหลัง แล้วจึงบุกเข้าโจมตี ตามความหมายของตำราพิชัยสงคราม คือ การบุกเข้าโจมตีในจุดที่อยู่นอกเหนือความคาดหมาย โจมตีในจุดที่ศัตรูไม่ได้เตรียมการตั้งรับและคอยระวังป้องกัน ย่อมถือว่าได้เปรียบและได้รับชัยชนะมาแล้วครึ่งหนึ่ง ในการทำศึกสงคราม การบุกเข้าโจมตีศัตรูทางด้านหน้า เป็นเพียงกลอุบายหลอกล่อให้ศัตรูหลงทิศและนำกำลังบุกเข้าโจมตีทางด้านหลัง การแสร้งบุกโจมตีทางตะวันออก แต่จริงๆ แล้วบุกโจมตีทางตะวันตก การกระทำนี้ทำให้ศัตรูคาดเดาแผนการไม่ถูก ทำให้เกิดความสับสนในการป้องกันกำลังพล ในขณะที่ศัตรูเป็นฝ่ายที่ไม่ได้เตรียมความพร้อม เข้าโจมตีในจุดที่ศัตรูไม่ได้คาดคิด ตำราพิชัยสงครามกล่าวไว้ว่า เมื่อเห็นจุดอ่อนเปราะของศัตรู เราต้องใช้กลยุทธ์พิสดารโจมตี","การนำเอากลยุทธ์ล้อมเว่ยช่วยจ้าวไปใช้ได้แก่ ลกซุนเพื่อช่วยเหลือกวนอูจากการโจมตีของโจโฉ กล่าวคือเมื่อโจโฉโจมตีกวนอู กวนอูอยู่ในสถานการณ์วิกฤติและกำลังจะถูกจับในขณะนั้น ลกซุนถูกส่งไปเจรจากับโจโฉ ลกซุนเสนอแผนต่อโจโฉว่า ถ้าโจโฉจะโจมตีกวนอู กวนอูจะต้องยอมแพ้ต่อโจโฉอย่างแน่นอน เมืองและหัวเมืองก็จะกลายเป็นพื้นที่ที่ไร้การควบคุมและแข็งแกร่ง กวนอูจึงปรึกษาจูกัดเหลียง และจูกัดเหลียงเสนอแผนไม่ให้โจโฉตกลงกับลกซุนและอธิบายให้กวนอูฟังว่า โจโฉยังคงเกรงเกงจิ๋วอยู่ จึงจะต้องแบ่งกำลังทหารและกลับไปป้องกัน เมื่อโจโฉถอนกำลัง กวนอูสามารถโจมตีเขาได้ กวนอูเห็นด้วยกับข้อเสนอของจูกัดเหลียงแล้วจึงนำทัพไปโจมตีโจโฉ เมื่อโจโฉได้ยินเรื่องการโจมตีของกวนอู เขาก็รีบกลับมาเตรียมการโจมตี ซุนกวนจึงเข้าแทนที่กวนอูและทำสงครามต่อไป ซุนกวนและโจโฉไม่สามารถเอาชนะกันได้ จนกระทั่งซุนกวนเองก็ยอมแพ้และถอยทัพไปในเวลาต่อมา กลยุทธ์ ล้อมเว่ยช่วยจ้าว ของลกซุนก็ประสบความสำเร็จในการปกป้องกวนอูและสามารถนำทัพไปตั้งรับได้อย่างงดงาม"
ยืมดาบฆ่าคน,ชนะศึก,หมายถึงการกำจัดศัตรูที่มีความเข้มแข็ง ไม่จำเป็นจะต้องลงมือเอง พึงยืมกำลังและไพร่พลทหารของผู้อื่นเป็นฝ่ายกำจัดศัตรู เพื่อเป็นการรักษาพละกำลังไพร่พลทหารของตนเองไว้สำหรับการศึกอื่น,"การนำเอากลยุทธ์ยืมดาบฆ่าคนไปใช้ได้แก่ จิวยี่ที่หลอกให้โจโฉฆ่าชัวมอและเตียวอุ๋นแม่ทัพเรือของตนเองในคราวศึกเซ็กเพ็กระหว่างเล่าปี่และซุนกวน กล่าวคือเมื่อคราวที่โจโฉยกทัพไปตีเกงจิ๋วได้จากเล่าจ๋อง ก็จะนำกำลังทหารโจมตีตั้งมั่นของซุนกวนเป็นลำดับต่อไป โจโฉมีทหารในกองทัพเป็นจำนวนมาก ซึ่งส่วนใหญ่เป็นชาวเหนือชำนาญการรบบกไม่ชำนาญการรบทางน้ำ โจโฉมีความจำเป็นที่จะต้องอาศัยชัวมอและเตียวอุ๋น นายทหารชาวเกงจิ๋วเป็นแม่ทัพช่วยในการทำศึกทางน้ำ และเป็นผู้ควบคุมฝึกสอนทหารโจโฉให้ชำนาญการเดินทัพเรือ จิวยี่ทราบข่าวการเตรียมทัพเรือของโจโฉ จึงสอบถามถึงเหตุการณ์ที่ค่ายทหาร และเมื่อเห็นการฝึกทหารของชัวมอและเตียวอุ๋นจิวยี่ก็เห็นจะปล่อยคนทั้งสองไว้แก่โจโฉต่อไปจะเกิดภัยแก่ตนในศึกครั้งนี้ จึงหาทางวางแผนกำจัดเสียให้สิ้นซาก จิวยี่จึงวางกลอุบายซ้อนแผนหลอกใช้เจียวค้านในการกำจัดชัวมอและเตียวอุ๋น โดยพาเจียวค้านกลับบ้านและให้กินโต๊ะก่อนเสร็จ แล้วทำเป็นเมามายไม่ได้สติ จิวยี่ก็พาเจียวค้านไปนอนยังเตียงเดียวกันในห้อง เจียวค้านแอบเห็นจดหมายที่จิวยี่เขียนและวางไว้จึงหยิบออกมาโดยมิเผือ ความในจดหมายว่า ชัวมอและเตียวอุ๋นเอาใจออกห่าง และจะตัดศีรษะโจโฉมาให้ เมื่อเจียวค้านอ่านจดหมายลับของจิวยี่ดีใจ รีบนำจดหมายนั้นมามอบให้แก่โจโฉหวังความดีความชอบแก่โจโฉไม่เท่าทันแผนกลอุบายของจิวยี่ เมื่อได้อ่านจดหมายลับจากเจียวค้านก็โกรธแค้นจึงสั่งประหารชัวมอและเตียวอุ๋นทันที ภายหลังได้แลเห็นศีรษะของแม่ทัพเรือทั้งสอง โจโฉก็รู้ว่าตนเองนั้นต้องกลอุบายของจิวยี่ที่สังหารคนของตนที่เป็นแม่ทัพ และชำนาญในการเดินเรือ เมื่อโจโฉไม่มีชัวมอและเตียวอุ๋นในการทำศึกทางเรือ ก็ถูกขงเบ้งและจิวยี่เผากองทัพเรือจนพ่ายแพ้ยับเยินในเวลาต่อมา กลยุทธ์ยืมดาบฆ่าคนของจิวยี่ก็ประสบความสำเร็จในการตัดกำลังสำคัญในการนำทัพเรือของโจโฉ ทำให้ได้รับชัยชนะได้อย่างงดงาม"
รอซ้ำยามเปลี้ย,ชนะศึก,"หมายถึงการที่ศัตรูยังคงมีความเข้มแข็ง กำลังไพร่พลทหารยังคงแข็งแกร่งยากจะต่อสู้ ก็ไม่ควรจะเข้าปะทะโดยตรงด้วยแรงและพละกำลังที่มีอยู่ แต่ยามใดที่ศัตรูเกิดความอ่อนแอในกองทัพต้องรีบฉวยโอกาสนำกำลังบุกเข้าโจมตีโดยเร็ว เพื่อเป็นการข่มขวัญและป้องกันไม่ให้ศัตรูหวนกลับมาแข็งแกร่ง ดังเดิม กลยุทธ์รอช้าตามเปลี่ยนเป็นการใช้ความสงบสยบความเคลื่อนไหว ให้ระยะเวลาเป็นการบั่นทอนกำลังและจิตใจของศัตรู ฉวยโอกาสพลิกสถานการณ์จากเดิมที่กลายเป็นรองหรือเสียเปรียบให้กลายเป็นฝ่ายได้เปรียบ เพื่อให้ได้มาซึ่งชัยชนะในสามก๊ก ยามเกิดศึกสงคราม กองทัพทุกกองทัพต่างใช้กลยุทธ์รอช้าตามเปลี่ยน เพื่อหาโอกาสเหมาะในการบุกเข้าโจมตีศัตรูยามเพลี่ยงพล้ำอยู่ตลอดเวลา ในการทำศึกสงคราม แก่นหลักสำคัญของคำว่า สถานการณ์ หมายถึงการรู้จักใช้จังหวะหรือสถานการณ์ที่ได้เปรียบให้เป็นประโยชน์",การนำเอากลยุทธ์รอช้าตามเปลี่ยนไปใช้ได้แก่ ลกซุนที่แนะนำซุนกวนให้พระเจ้าเล่าเสี้ยนยกทัพไปตีลิ่วเอ๋ย กล่าวคือเมื่อคราวที่โจหยินฝึกศึกสงครามแลกแก่กวนซุน ถูกทัพแตกกระจายต้องถอยร่นและหลบหนีเอาตัวรอด สูญเสียกำลังทหารและไพร่พลเป็นจำนวนมาก เสบียงอาหารและอาวุธขาดแคลน ทหารขาดขวัญและกำลังใจในการทำสงคราม ลกซุนจึงแนะนำให้ซุนกวนแต่งหนังสือให้ม้าใช้นำไปให้พระเจ้าเล่าเสี้ยน ให้รีบนำกำลังทหารยกทัพไปตีลิ่วเอ๋ยในขณะที่กำลังทหารของวุยก๊กกำลังอ่อนแรง ข่าวการยกทัพไปตีลิ่วเอ๋ยล่วงรู้ถึงขงเบ้งขงเบ้งจึงรอคอยจังหวะ ทันทีที่ทราบข่าวจากพระเจ้าเล่าเสี้ยนจึงรีบนำกำลังทหารไปทางด้านนอกที่แต่การจะเข้าไปต้องผ่านด่านที่เกียจเจียวเฝ้าอยู่ ขงเบ้งนำทัพทหารไปเป็นจำนวนมากเพื่อหวังตีหักด่านอันจ๋อง แต่เอียเจียวมีฝีมือเข้มแข็งและเชี่ยวชาญในการรบ จึงสามารถตีหักด่านตั้งรับทัพของขงเบ้งได้ด้วยกำลังทหารภายใต้การปกครองไม่ถึงพันนาย ซึ่งทหารที่ขงเบ้งนำมานั้นมีจำนวนมากกกว่านับร้อยเท่า เอียเจียวสามารถรักษาด่านตนเองไว้ได้นานถึงยี่สิบวันจนทัพหนุนจากเมืองหลวงมาช่วย ขงเบ้งก็พยายามตีหักด่านอันจ๋องแต่เริ่มขาดแคลนเสบียงอาหาร ประกอบกับเอียเจียวรักษาด่านได้อย่างแข็งแรง จึงไม่สามารถหักตีด่านได้สำเร็จและยอมถอยทัพกลับก๊ก กลยุทธ์รอช้าตามเปลี่ยนของลกซุนที่ไม่ต้องใช้กำลังทหารและไพร่พลของตนเองในการทำศึก ก็ประสบความสำเร็จในการรักษา กำลังทหารและไพร่พลของตนเองได้อย่างงดงาม
ชิงซ้ำตามไฟ,ชนะศึก,หมายถึงการที่ศัตรูยังคงมีสภาพที่อ่อนแอและย่ำแย่ ควรรีบฉวยโอกาสนำทัพเข้าโจมตีเพื่อให้ได้มาซึ่งชัยชนะ หรือมอบหมายให้แม่ทัพหรือทหารที่มีความเข้มแข็งนำทัพเข้าโจมตี ซึ่งเป็นการฉกฉวยเอาผลประโยชน์จากเหตุการณ์หรือสถานการณ์ที่ทวีความรุนแรงและยุ่งเหยิง นำความดีความชอบมาเป็นของตน,การนำเอากลยุทธ์ชิงซ้ำตามไฟไปใช้ได้แก่ ตังโต๊ะที่ฉวยโอกาสยึดเอาเมืองหลวงและราชสำนักของพระเจ้าห้องจูเหียบมาเป็นของตนและแต่งตั้งตนเองเป็นมหาอุปราชและเป็นบิดาบุญธรรมของพระเจ้าห้องจูเหียบ กล่าวคือเมื่อพระเจ้าเล่าเตาสวรรคต เกิดการแย่งชิงราชสมบัติและการสืบทอดทายาท ระหว่างห้องจูเหียบและห้องจูเจียนโจซิน ซึ่งเป็นพระเชษฐาของพระนางโฮเฮา พระมารดาของห้องจูเจียน ได้คิดแต่งตั้งห้องจูเจียนขึ้นเป็นองค์รัชทายาทสืบทอดราชสมบัติ ต่อจากพระเจ้าเล่าเตา แต่ถูกกวนซุนขัดขืนที่คิดจะแต่งตั้งห้องจูเหียบเป็นองค์รัชทายาทแทนและวางแผนลอบฆ่าโจซิน ราชสำนักเกิดความวุ่นวายจากเหล่าขันที บ้านเมืองโกลาหลระส่ำระสาย แผนการลอบฆ่าโจซินล้มเหลว โจซินจึงนำกำลังทหารบุกเข้าวังหลวงเพื่อกำจัดเหล่าขันที เหล่าขันทีก็พากันหลบหนีพึ่งพระนางโฮเฮาไว้ชีวิต ทำให้โจซินไม่สามารถกำจัดขันทีได้สำเร็จและกลายเป็นเลิกล้มไปตามเวลาอยู่ตลอดเวลา จึงวางแผนส่งสาส์นไปยังหัวเมืองต่างๆ ให้นำทัพมาจัดขันทีขึ้น ตังโต๊ะซึ่งมีจิตใจหยาบช้าและเต็มไปด้วยความทะเยอทะยาน มองเห็นโอกาสที่จะฉกฉวยแย่งชิงเอาสมบัติมาเป็นของตนจึงรีบนำทัพเข้าวังหลวงทันทีที่สืบทราบแผนการของโจซิน จึงเข้าวังหลวงเพื่อฆ่าทั้งอ้วนเลี้ยวและโจซิน ซึ่งเป็นนายทหารของโจซินพากันโกรธแค้นจึงนำทัพทหารบุกเข้าวังหลวงหวังฆ่าเล่าเสี้ยนทันที เกิดเหตุการณ์วุ่นวายโกลาหลไปทั่ว เล่าเสี้ยนต่างพากันหลบหนีเพื่อเอาชีวิตรอดโดยอุ้มพระราชบุตรทั้งสองหนีออกจากวังหลวงระหว่างทางหนีเข้าป่า ตังโต๊ะรีบฉวยโอกาสในขณะที่วังหลวงกำลังอยู่ในสถานการณ์ที่วุ่นวาย นำกำลังทหารเข้ายึดครองอำนาจของตน สั่งถอดพระเจ้าห้องจูเหียบจากตำแหน่งฮ่องเต้และสั่งประหารชีวิต ก่อนจะแต่งตั้งพระเจ้าห้องจูเหียบขึ้นเป็นฮ่องเต้แทน และแต่งตั้งตนเองเป็นมหาอุปราชและเป็นบิดาบุญธรรมของพระเจ้าห้องจูเหียบ กลยุทธ์ชิงซ้ำตามไฟของตังโต๊ะที่ฉกฉวยโอกาสที่ราชสำนักเกิดความวุ่นวายในการแย่งชิงอำนาจ ก็ประสบความสำเร็จในการเข้ายึดครองอำนาจและราชสำนักมาเป็นของตนเองได้อย่างงดงาม
ส่งเสียงบูรพาตีประจิม,ชนะศึก,"หมายถึงการโจมตีศัตรู จะต้องเตรียมการและบุกโจมตีในจุดที่ศัตรูต่างคาดไม่ถึง เพื่อเป็นการป้องกันไม่ให้ศัตรูตั้งรับได้ถูก โดยหลอกล่อศัตรูให้เกิดการหลงทิศกับการบุกโจมตีและนำกำลังทหารไปเฝ้าระวังผิดตำแหน่ง เกิดการหลงใหลต่อกำลังทหารและเปิดโอกาสให้สามารถเอาชนะได้ง่าย มรรควิถีแห่งการใช้ยุทธวิธีสำคัญในการทำศึกสงคราม เมื่อตั้งทัพเผชิญหน้าซึ่งกันและกัน ฝ่ายใดมีเสบียงอาหารอุดมสมบูรณ์ก็เท่ากับมีโอกาสชนะแล้วครึ่งหนึ่ง การป้องกันรักษาเส้นทางการลำเลียงอาหารต้องทำอย่างรอบคอบระมัดระวัง เพื่อป้องกันศัตรูลอบทำลาย เข้ายึดหรือปล้นชิง ขณะเดียวกันก็ต้องหาหนทางยุทธวิธีในการตัดเส้นทางลำเลียงอาหารของศัตรู หากศัตรูเสียเสบียงอาหาร ย่อมถอยทัพด้วยความจำนน เมื่อถึงยามนั้นควรบุกเข้าโจมตีไม่ให้ศัตรูตั้งรับได้ทัน ตำราพิชัยสงครามกล่าวไว้ว่า ยามศึกสงครามขาดเสบียงอาหารก็พินาศ","การนำเอากลยุทธ์ส่งเสียงบูรพาตีประจิมไปใช้ได้แก่ ขงเบ้งที่หลอกล่อเอียเจียวให้หลงทิศในการนำทหารเฝ้าระวังการบุกเข้าโจมตีด่านต้นจ๋องของขงเบ้งและทหารจ๊กก๊ก กล่าวคือเมื่อคราวที่ขงเบ้งนำทัพนักรบจ๊กก๊กจากขาดแคลนเสบียงอาหารและอาวุธในการหักตีด่านต้นจ๋อง โดยไม่สามารถเอาชนะกำลังทหารของเอียเจียวได้ ต่อมาภายหลังขงเบ้งทราบข่าวการป่วยของเอียเจียวจึงนำทัพกลับไปที่ด่านต้นจ๋องอีกครั้ง และแต่งตั้งอุ๋ยเอี๋ยนและเกียงอุยเป็นแม่ทัพนำทัพจำนวนนับพันนาย นำทัพไปตีด่านต้นจ๋องภายในเวลาสามวัน ในขณะเดียวกันก็มอบหมายให้กวนหินและเตียวเปา ลอบนำกำลังทหารตัดทางลัดไปยึดด่านต้นจ๋อง และให้ทหารแกล้งลอบป้อมตัวเล็ดลอดเข้าไปในกำแพงเมืองและจุดเพลิงขึ้น ขงเบ้งจึงสามารถนำกำลังทหารเข้าตีด่านต้นจ๋องได้สำเร็จ กำลังทหารที่ตั้งด่านรักษาด่านต้นจ๋องไม่ทันรู้ตัวก็แตกพ่าย เอียเจียวที่ป่วยหนักลุกขึ้นพยายามสั่งให้ทหารรักษาด่านจนสุดกำลังและขาดใจตายในเวลาต่อมาเมื่ออุ๋ยเอี๋ยนและเกียงอุยนำทัพทหารมาถึง ด่านต้นจ๋องก็แปลกใจที่ด่านต้นจ๋องถูกควบคุมโดยขงเบ้งทั้งที่ยังไม่ได้ทำศึก ขงเบ้งจึงเฉลยกลยุทธ์ในการตีด่านต้นจ๋องให้แก่อุ๋ยเอี๋ยนและเกียงอุยเข้าใจว่า เราแกล้งว่าเอียเจียวป่วยหนักอยู่ จึงเกณฑ์ให้ท่านทั้งสองรีบมา หวังจะให้กิดดีศรีเลื่อมลือให้เอียเจียวระวังตัวอยู่ เราจึงยกทหารลัดทางอ้อม ปลอมเข้าจุดเพลิงเพดาย้ายขึ้น ก็โจมตีเอาได้ง่าย กลยุทธ์ส่งเสียงบูรพาตีประจิมของขงเบ้ง ก็สามารถหักตีด่านต้นจ๋องของเอียเจียว ก็ประสบความสำเร็จในการหักตีด่านต้นจ๋องมาเป็นเมืองขึ้นของตนได้ อย่างงดงาม"
มีในไม่มี,เผชิญศึก,"หมายถึงการใช้ภาพลวงในการหลอกล่อศัตรูเพียงครึ่งคราวให้หลงเชื่อ แปรเปลี่ยนจากความเป็นจริงซึ่งเป็นความลวง ทำให้ศัตรูเกิดความเข้าใจผิดคิดว่าการ ลวง คือ หลอกหลวง ที่ว่า มิด ก็กลายเป็น เท็จ แสงสว่างจากมืดน้อยย่อมทวีความมืดไปจนถึงมืดมาก จากมืดมากย่อมแปรเปลี่ยนกลับกลายเป็นสว่าง การใช้ภาพลวงเพื่อเสแสร้งปกปิดสภาพจริง การผันผวนคำเท็จจากความลวงให้กลายเป็นความจริง ที่ในจริงมีเท็จ ในเท็จมีจริง ทำให้ในการทำศึกสงครามย่อมมีการลวงข้อเท็จจริงสลับเป็นฟันปลาอยู่เสมอ",การนำเอากลยุทธ์ที่มีไม่มีไปใช้ได้แก่โจโฉที่วางแผนหลอกล่อให้ลิโป้เชื่อว่าตนเองตายและซุ่มกำลังทหารบุกโจมตี กระหน่ำจนลิโป้พ่ายแพ้ยับเยิน กล่าวคือเมื่อคราวที่ลิโป้และตันก๋งนำกำลังทหารบุกเข้ายึดกุยจิ๋วและปักเหลียงได้สำเร็จ ตีกระหน่ำกองทัพของโจโฉแตกถอยร่นไม่เป็นกระบวน สูญเสียกำลังทหารจำนวนมาก โจโฉอาศัยช่วงจังหวะชุลมุนในการถูกโจมตีควบม้าฝ่าเปลวเพลิงหลบหนีไปได้ เมื่อกลับถึงได้โจโฉก็วางกลอุบายหลอกลิโป้ด้วยการแสร้งทำเป็นตาย เพื่อหลอกให้ลิโป้หลงเชื่อและนำทัพมาตีกุยจิ๋วที่กำลังอ่อนแอและหวังกะหน่ำให้แตกพ่าย โจโฉสั่งให้กำลังทหารและไพร่พลที่เหลือจากศึกส่วนหนึ่งแต่งกายชุดขาวล้วนด้วยผ้าดิบเพื่อเป็นการไว้ทุกข์ และร้องห่มร้องไห้ฟูมฟายเสียใจที่โจโฉตาย และให้กำลังทหารอีกส่วนหนึ่งไปซุ่มตั้งล้อมค่ายเพื่อรอคอยลิโป้ ลิโป้เมื่อทราบข่าวการตายของโจโฉจากการถูกโจมตีที่กุยจิ๋วและปักเหลียงก็หลงเชื่อจึงฉวยโอกาสที่กำลังทหารของโจโฉกำลังเศร้าโศกเสียใจและไว้ทุกข์ให้แก่โจโฉ นำทัพไปเพื่อหวังตีทัพวุยก๊กและทำลายทัพของโจโฉให้ราบคาบ ฝีมือการรบของลิโป้นั้นถือว่าเก่งกาจที่สุดในแผ่นดิน แต่กลับไร้ซึ่งสติปัญญาในการไตร่ตรองใคร่ครวญข่าวการตายของโจโฉให้ละเอียดถี่ถ้วน จึงต้องกลอุบายของโจโฉที่แอบซุ่มกำลังทหารตั้งล้อมค่ายรอคอยอยู่ เมื่อลิโป้นำทัพบุกเข้าวุยก๊ก เหล่าทหารของโจโฉก็โต้โผงเข้ากระหน่ำทัพของลิโป้จนแตกพ่ายพ่ายยับ กลยุทธ์ที่มีไม่มีของโจโฉ ก็ประสบความสำเร็จในการหลอกล่อให้ลิโป้หลงเชื่อว่าตนตายและสามารถตีทัพลิโป้จนแตกพ่าย ทำให้ได้รับชัยชนะในการรักษาวุยก๊กไว้ได้อย่างงดงาม
ลอบตีเฉินชาง,เผชิญศึก,หมายถึงการใช้โอกาสที่ฝ่ายศัตรูตัดสินใจที่จะรักษาพื้นที่เขตแดนของตนไว้ และแสร้งทำเป็นนำกำลังทหารบุกเข้าโจมตีทางด้านหน้า แต่ลอบนำกำลังทหารบุกเข้าโจมตีในพื้นที่ที่เขตแดนที่ฝ่ายศัตรูไม่ทันคาดคิดและสนใจวางแผนป้องกัน ในการศึกสงครามการใช้วิธีการรบกวนลอบเข้าโจมตีก็ย่อมเป็นฝ่ายได้เปรียบ สามารถบุกเข้าโจมตีฝ่ายศัตรูได้โดยที่ไม่ทันระมัดระวังและเอาชนะได้โดยง่าย,การนำเอากลยุทธ์ลอบตีเฉินชางไปใช้ได้แก่ ตันฮอกที่ให้กวนอูคุมทหารลอบเข้าบุกยึดห้วนเสีย ทำให้โจหยินที่พ่ายแพ้ต้องหนีกลับซูโต๋ กล่าวคือเมื่อคราวที่เล่าปี่บ้ายมาอยู่ชนเอี๋ย โจหยินนำกำลังทหารสามหมื่นนายทัพมาที่ห้วนเสีย ลิซ่องและลิกองอาสาสรนำกำลังทหารยกทัพมาตีเล่าปี่ที่ชนเอี๋ยแต่ถูกกวนอูพ่ายแตกกระจายกลับไป โจหยินเห็นลิกองและลิซ่องพ่ายแพ้เล่าปี่ก็โกรธแค้นคิดนำกำลังทหารยกทัพมาหวังตีเล่าปี่และยึดชนเอี๋ยเป็นของตน แต่ลิเตียนคัดค้านโจหยินและขออยู่รักษาห้วนเสียโดยไม่ขอติดตามไปชนเอี๋ยด้วย โจหยินไม่เชื่อคำคัดค้านและเชื่อว่าลิเตียนเอาใจออกห่างจากตน ไม่จงรักภักดีเช่นเดิม ลิเตียนจึงจำต้องยอมติดตามไปชนเอี๋ยด้วยความจำใจ โจหยินนำกำลังทหารสองหมื่นห้าพันนายจากห้วนเสียไปชนเอี๋ย ตันฮอกซึ่งเป็นที่ปรึกษาของเล่าปี่คาดการณ์ล่วงหน้าว่าโจหยินจะต้องนำทัพกลับมาแก้แค้น และนำกำลังทหารมาจากห้วนเสียทั้งหมด จึงคิดกลอุบายตลบหลังโจหยินโดยให้กวนอูคุมทหารจำนวนพันนายลอบไปตีห้วนเสียและยึดครองไว้ โจหยินเมื่อยกทัพมาถึงชนเอี๋ยก็ต้องกลอุบายของตันฮอกจนแตกพ่ายต้องนำทัพกลับห้วนเสีย แต่เมื่อกลับถึงห้วนเสีย ปรากฏว่ากวนอูได้เข้ายึดครองเมืองไว้เป็นของตนแล้ว ทำให้โจหยินต้องนำกำลังทหารที่หลงเหลือหลบหนีกลับไปซูโต๋ กลยุทธ์ลอบตีเฉินชางของตันฮอก ก็ประสบความสำเร็จในการหลอกให้โจหยินทิ้งห้วนเสียและสามารถยึดครองไว้เป็นของตนได้อย่างงดงาม
ดูไฟชายฝั่ง,เผชิญศึก,"หมายถึงการใช้โอกาสที่ศัตรูเกิดการแตกแยกวุ่นวายและปั่นป่วนอย่างหนักภายในกองทัพ เฝ้ารอจังหวะให้เกิดการเปลี่ยนแปลงอย่างสงบ จับตาดูความเคลื่อนไหวของศัตรูทุกฝีก้าว ถ้าศัตรูเกิดความระแวงและใช้กำลังเข้าห้ำหั่นกันเอง เกิดการเข่นฆ่าแย่งชิงความเป็นใหญ่ แนวโน้มความพินาศและวอดวายก็จะเกิดขึ้นภายในกองทัพ ในช่วงระยะเวลานี้มีความจำเป็นอย่างยิ่งที่จะต้องปฏิบัติตนให้สอดคล้องกับการเปลี่ยนแปลงของฝ่ายศัตรู เตรียมความพร้อมในกองทัพไว้ล่วงหน้า ช่วงชิงชัยชนะมาเป็นของตนโดยใช้การเปลี่ยนแปลงโดยฉับพลันของศัตรูให้เป็นประโยชน์ มรรควิถีในการปราบป้อมศัตรู เมื่อบุกเข้าล้อมทั้งสี่ด้าน จงเปิดช่องทางไว้มุมหนึ่งไว้สำหรับเป็นทางหนีเอาชีวิตรอด เพื่อทำให้ศัตรูเกรงกลัวไม่กล้าต่อสู้ อาศัยจังหวะบุกเข้าโจมตี ยึดเมืองและทำลายกองทัพศัตรูได้โดยง่าย ตำราพิชัยสงครามกล่าวไว้ว่า เมื่อล้อมกองทัพศัตรูไว้ ต้องเปิดช่องไว้บ้าง","การนำเอากลยุทธ์ดูไฟชายฝั่งไปใช้ได้แก่ กุนแกที่คัดค้านแนะนำโจโฉนำกำลังทหารไปตี กิจิ๋วที่อ้วนซงนั้นครอบครอง กิจิ๋วแทน กล่าวคือเมื่อคราวที่อ้วนเสี้ยวถึงแก่ความตาย อ้วนชงผู้เป็นลูกได้ขึ้นครองเมืองกิจิ๋วแทน ทำให้โจโฉบุตรชายคนโตของอ้วนเสี้ยวไม่พอใจและคิดแย่งชิงอำนาจจากอ้วนชง อ้วนฮี และโกกันที่ต่างไม่พอใจอ้วนชงที่ได้ครองกิจิ๋วจากอ้วนเสี้ยว ต่างคิดจะแย่งชิงอำนาจมาเป็นของตน เกิดความวุ่นวายปั่นป่วนในกิจิ๋ว โจโฉทราบข่าวการผลัดเปลี่ยนเจ้าเมืองกิจิ๋วก็รีบนำทัพทหารมาเพื่อปราบและยึดกิจิ๋วเป็นของตน อ้วนถำ อ้วนซง อ้วนฮี และโกกันที่แย่งชิงอำนาจซึ่งกันและกันเห็นภัยจวนตัวจึงหันหน้าเข้าหากันและช่วยกันจัดทัพเตรียมรับมือโจโฉ โจโฉก็นำกำลังทหารเตรียมบุกเข้ายึดกิจิ๋ว โดยแบ่งกองกำลังทหารออกเป็นสองค่ายเมื่อโจโฉบุกเข้ายึดกิจิ๋วทำให้อ้วนถำ อ้วนซง อ้วนฮี และโกกันสู้ไม่ได้ ถูกตีแตกถอยร่นเข้าเมืองไป โจโฉเป็นที่ปรึกษาของโจโฉคัดค้าน แตกพ่ายแล้วก็คิดจะหนีกลับขึ้นไป กุนแกที่ปรึกษาของโจโฉห้ามปรามและแย้งว่า หากยกลาบัดบุตรอ้วนเสี้ยวทั้งสามจะสามัคคีกัน ควรที่จะกลับเมืองฮอดดูให้บุตรทั้งสามแย่งชิงซึ่งกันเองจะจับได้โดยง่าย ซึ่งเมื่อโจโฉทำตามคำแนะนำของกุนแกก็เห็นด้วย จึงนำทัพกลับก๊ก เมื่อเกิดเหตุการณ์ในกิจิ๋วดังที่กุนแกคาดการณ์ไว้ อ้วนถำ และอ้วนซงเกิดการแย่งชิงซึ่งกันและกันเอง อ้วนถำสู้อ้วนซงไม่ได้ก็หลบหนีไปสวามิภักดิ์ต่อโจโฉ โจโฉเห็นที่จะตีได้กิจิ๋ว จึงนำกำลังทหารทัพขึ้นเหนือไปล้อมค่ายของอ้วนซงและตีกิจิ๋วแตก ยึดได้กิจิ๋วมาเป็นของตนได้โดยง่าย อ้วนถำที่แปรพักตร์ไปอยู่กับโจโฉถูกทอดทิ้งตกตายในสมรภูมิ โจโฉเห็นอ้วนซงอ้วนฮีที่ถูกตีแตกกระจายและหลบหนีไปก็คิดตามไปตีซ้ำ แต่กุนแกในขณะนั้นเกิดป่วยหนักและได้แต่งหนังสือเสนอไม่ให้โจโฉยกทัพตามไป อ้วนซงและอ้วนฮีจึงหลบหนีไปอยู่กับกองซุนของ กองซุนนั้นมีความระแวงอ้วนซงและอ้วนฮีอยู่ก่อนแล้ว เมื่อเห็นทั้งสองมาสวามิภักดิ์ก็เกรงใจโจโฉจะยกทัพตามมา แต่เมื่อเห็นว่าทัพโจโฉไม่ได้ตามมาก็สังหารอ้วนซงและอ้วนฮีพร้อมกับมอบศีรษะคนทั้งสองให้แก่โจโฉเพื่อหวังความดีความชอบ โจโฉก็นำกำลังทหารเข้าปราบหัวเมืองทางฝ่ายตะวันออกได้อย่างราบคาบ กลยุทธ์ดูไฟชายฝั่งของกุนแก ก็ประสบความสำเร็จในการให้โจโฉฉวยจังหวะที่อ้วนถำ อ้วนซง อ้วนฮี และโกกันเกิดการแตกแยกกันเองเพราะอำนาจ บุกเข้ายึดกิจิ๋วมาเป็นของตนได้อย่างงดงาม"
ซ่อนดาบบนรอยยิ้ม,เผชิญศึก,หมายถึงการหลอกให้ศัตรูหลงเชื่อถึงความสงบ ไม่ให้ล่วงรู้ถึงความเคลื่อนไหวใด ๆ ของกองทัพ ทำให้ฝ่ายศัตรูเกิดความสงสัยและเกิดความสงบไม่เคลื่อนไหวในกองทัพเช่นกัน ทำให้เกิดความคิดที่มีชั้นเชิงและฉวยโอกาสเตรียมการเป็นความลับการเฝ้าระวังมิให้ฝ่ายศัตรูล่วงรู้ความลับหรือรู้ตัว รอคอยโอกาสเพื่อจะโจมตีฉับพลันอันจะทำให้สถานการณ์เกิดการเปลี่ยนแปลง เป็นการแสร้งทำเป็นมิตรแต่แท้จริงจ้องหาโอกาสจะกำจัดศัตรูอยู่ตลอดเวลา,การนำเอากลยุทธ์ซ่อนดาบบนรอยยิ้มไปใช้ได้แก่ เตียวเสี้ยนภรรยาของตั๋งโต๊ะ น้องสะใภ้ของกุนขวนที่วางแผนลอบฆ่าอิหล้าที่คิดข่มเหงตนเองเป็นภรรยาของอ้วนบ่าประจิมจะมีสามีใหม่ กล่าวคือเมื่อซุนเซียงน้องชายของซุนกวน เจ้าเมืองกังตั๋งไปกินตำแหน่งเจ้าเมืองตั๋งเกีย ให้สั่งโทษโป๋อิหล้าและอ้วนบุนทหารในกองทัพของซุนกวนกระทำความผิด ให้คนทั้งสองถูกจับเลี้ยงแขวนคอเจียนซิน จึงคิดคบคิดกับกิเอ๋งทหารคนสนิทของซุนเซียง เห็นนางซูหมีภรรยาของซุนเซียงรูปงามน่ารัก และคิดจะข่มเหงเอามาเป็นภรรยาของตนเอง นางซูหมีซึ่งโกรธแค้นอิหล้าที่มีสามีตนจึงวางแผนซ่อนหว่อซิว โดยแสร้งยินยอมพร้อมใจเป็นภรรยาแต่ขอเชิญชวนซิว ซิวผู้เป็นสามีที่ล่วงลับมา เมื่ออิหล้าเห็นนางซูหมีก็เรียกซุนกวนและเป่าเกล้าทหารคนสนิทของซุนเซียงมาร่วมวางแผนกลลวง ซุนเชียงแต่งตั้งให้เตียวเสี้ยนเป็นสามีใหม่ ทั้งยังจัดโต๊ะเลี้ยงพร้อมกับมอบสุราให้อิหล้าดื่ม จนเมามายไม่ได้สติ ซุนเชียงก็เข้าไปลอบเชือดอิหล้าตาย หลังนั้นซุนเชียงก็ลวงได้อ้วนบุนด้วยมารยาหญิงเพื่อหวังฆ่าเช่นกัน ได้อ้วนบุนเห็นซุนเซียงก็กลืนสุราตามไปกินโต๊ะที่บ้านนาง ซุนเซียงก็มอบสุราให้จนอ้วนบุนเมามายและให้ซุนเซียงฆ่าเช่นกัน กลยุทธ์ซ่อนดาบบนรอยยิ้มของซุนเชียง ก็ประสบความสำเร็จในการหลอกอิหล้าและได้อ้วนบุนมาฆ่า โดยไม่ต้องตกเป็นภรรยาของอิหล้าด้วยมารยาหญิงได้อย่างงดงาม
หลีตายแทนถาว,เผชิญศึก,"หมายถึงการใช้ประโยชน์จากสถานการณ์ที่เสียเปรียบในการศึกสงคราม ไม่เป็นผลดีแก่ตนเองและกองทัพ เกิดความเสียหายอย่างหลีกเลี่ยงไม่ได้ เพื่อที่จะแปรเปลี่ยนจากสถานการณ์ที่เป็นฝ่ายเสียเปรียบให้เป็นการได้เปรียบ จำต้องยอมเสีย มืด เพื่อที่จะได้ประโยชน์จาก สว่าง โดยมากจากเอกสารนิพนธ์ชื่อ ไก่ขั้น ใน ชุมนุมนิทานอู่เล่ยจู่ กล่าวว่า ตนตายก็หัวขาดเคียงมา หนอนบ่อนไส้ถาวหลีตายแทนถาว ต้นไม้ตายแทนกัน พี่น้องไม่จำเป็นต้องเสียเมื่อเพื่อให้ได้ประโยชน์มากกว่า ความหมายถึงการได้ประโยชน์จากการเสียเปรียบในสถานการณ์วิกฤติ จำต้องเสียสละส่วนหนึ่งของกองทัพหรือของตนเอง เสียค่าตอบแทนเพียงเล็กน้อยเพื่อเป็นการแลกเปลี่ยนชัยชนะในทุกๆ ด้าน",การนำเอากลยุทธ์หลีตายแทนถาวไปใช้ได้แก่ โจโฉที่ยอมเสียหัวของของเสบียงทหารชั้นผู้น้อย เพื่อแลกกับขวัญและกำลังทหารทั้งกองทัพ กล่าวคือเมื่อคราวที่โจโฉร่วมมือกับเล่าปี่ ลิโป้และซุนเซ็กในการจัดการปราบอ้วนสุดจนพ่ายแพ้ อ้วนสุดสู้ไม่ได้จึงหลบหนีไปอยู่หยงที่หงหยง โจโฉทราบข่าวมาเตรียมกำลังทัพนำทัพไปตีอ้วนสุดหวังกะจัดอ้วนสุดให้สิ้นซาก และมอบหมายให้เล่าปี่ ลิโป้และซุนเซ็กนำกำลังทหารไปล้อมอ้วนสุดที่หงหยงทันที เมื่อได้รับสัญญาณจากโจโฉให้นำทัพบุกเข้าโจมตีพร้อมกัน อ้วนสุดเห็นโจโฉนำทัพมาอย่างยิ่งใหญ่ล้อมเมืองไว้เกิดความหวาดกลัวและไม่อาจต้านทานทัพของโจโฉได้ จึงพาทั้งครอบครัวหลบหนีไปซ่อนที่ตำบลหัวหย้อย โดยที่โจโฉไม่รู้ว่าโจโฉล้อมหงหยงอยู่ประมาณเดือนครึ่ง เสบียงอาหารเริ่มขาดแคลน ทำให้ทหารอ่อนล้าและเกิดความระส่ำระสายในกองทัพ โจโฉจึงวางกลอุบายให้กำลังทหารและไพร่พลของตนเองมีสีหน้าอิ่มเอิบในการทำศึก ด้วยการยืมหัวของนายทหารที่มีหน้าที่รับผิดชอบในการแจกจ่ายข้าวในกองทัพโจโฉใจประหารอ๋องที่ทำผิดและมีผู้ต้านทานในกองทัพว่าโจโฉเอาโทษทหารชั้นผู้น้อยในการขัดขวาง และสั่งให้เบิกข้าวเหลืออยู่แจกจ่ายให้ทหารจนหมด ทำให้ขวัญและกำลังใจของทหารกลับมาเข้มแข็งอีกครั้ง กระตือรือร้นในการทำศึกและสามารถยึดเอาเมืองหงหยงมาเป็นของตนได้สำเร็จ เรื่องความดีงามของอ๋องนายทหารชั้นผู้น้อยคนเดียวในกองทัพโจโฉก็ถือเป็นกลอุบายในการดึงขวัญและกำลังใจของทหารกลับคืนมา เพื่อแลกกับความสลายและการแตกพ่ายของกองทัพ ตรงตามกลยุทธ์หลีตายแทนถาวที่โจโฉยอมเสียสละส่วนหนึ่งของกองทัพเพื่อความอยู่รอดทั้งหมด และอีกครั้งที่โจโฉเลือกใช้กลยุทธ์หลีตายแทนถาวเพื่อเอาทหารในคราวรบ ยึดเมืองหงหยงของอ้วนสุด เมื่อทราบข่าวอ้วนสุดที่หนีไปหัวหย้อย จึงคิดจะยกทัพตามไปให้สิ้นซาก แต่เมื่อโจโฉรู้ข่าวเดียวก็คิดจะตีโต๋ จึงรีบนำกำลังทหารกลับซูโต๋ทันที ขณะนั้นอยู่ช่วงข้าวขาดแคลน กองลูกอ๋องอ้วน โจโฉต้องการจะปราบราษฎรของตนจึงสั่งห้ามทหารทั้งหมดห้ามเหยียบย่ำข้าวสาลีแม้แต่ต้นเดียว หากผู้ใดฝ่าฝืนมีโทษประหารไม่เว้นแม้แต่ม้าที่คุมกองทัพ ครั้งหนึ่งมีม้าของราษฎรคนหนึ่งเหยียบย่ำข้าวสาลีของราษฎร มีบันทึกหน้าม้ามาให้โจโฉ ทำให้ม้าตกใจวิ่งเตลิดเข้า ไปเหยียบย่ำข้าวสาลีในไร่นาเสียหายเป็นจำนวนมาก โจโฉโกหกกำลังของตนเองที่ทำโทษผู้ที่เหยียบย่ำข้าวสาลีของราษฎร ครั้นเห็นจะไม่ปฏิบัติตามคำสั่งตนก็เกรงจะไม่ได้รับการนับถือ
จูงแพะติดมือ,เผชิญศึก,หมายถึงการใช้ความประมาทเลินเล่อของศัตรูเพียงเล็กน้อยให้ เป็นประโยชน์ เมื่อพบเห็นโอกาสให้รีบฉกฉวยมาเป็นของตน แม้จะเป็น เพียงชัยชนะที่เล็กน้อยก็ตามในยามศึกสงครามแม้โอกาสเพียงน้อยนิด ที่สามารถเป็นประโยชน์แก่กองทัพจำต้องช่วงชิงมาเป็นของตนให้ได้,"การนำเอากลยุทธ์บาดเจ็บยอมได้ไปใช้ได้แก่ จิวยี่ที่แสร้งทำเป็นโกรธเคืองขงเบ้งในการทำศึกสงครามกับโจโฉในคราวศึกเซ็กเพ็ก เพื่อต้องการให้โจโฉหลงเชื่อในกลอุบายของตนเองหมื่นให้เสร็จ สิ้นภายในระยะเวลาสิบวัน เพื่อหาเหตุผลที่จะฆ่าทิ้งหาก ขงเบ้งปฏิบัติตามสั่งไม่ได้ขงเบ้งเมื่อรับคำสั่งให้คมช่างทำลูกเกาทัณฑ์ สิบหมื่น ก็รู้เท่าทันความคิดของจิวยี่ที่คิดจะกำจัดตน จึงแสร้งเย้ยว่า ท่านจะเอาลูกเกาพัณฑ์สิบหมื่นในสิบวันนั้นนั้นนัก ข้าพเจ้าจะทำลูก เกาทัณฑ์ให้เสร็จภายในสามวัน จิวยี่จึงคาดโทษขงเบ้งไว้ด้วยการ ประหารชีวิตถ้าหากนำลูกเกาทัณฑ์สิบหมื่นมาไม่ได้ภายในสามวันตาม สัญญา โดยที่จิวยี่คาดการณ์ไว้ล่วงหน้าว่าขงเบ้งจะต้องเสียหัวไม่พ้น ตายเป็น แน่แท้หากปฏิบัติไม่ได้ตามวาจาที่ให้ไว้ ขงเบ้งเมื่อลั่นวาจา แก่จิวยี่แล้วก็วางตนตามปกติ ไม่ได้คุมช่างเตรียมทำลูกเกาทัณฑ์สิบ หมื่นแต่อย่างใด จนโลชกที่ปรึกษาซุนกวนเดือนเนื้อร้อนใจแทนขงเบ้ง ในการทำลูกเกาทัณฑ์สิบหมื่นในสามวัน เช้าวันที่สองตามสัญญาเกิด หมอกลงหนักหนาทึบไปทั่วบริเวณขงเบ้งสั่งการให้โลซกนำเรือจำนวน ยี่สิบลำ เอาผ้าดำคลุมฟางจำนวนมากมัดมัดผูกติดไว้ทั้งสองข้างของแคม เรือ และให้เอาพวนใหญ่ผูกตรึงเรือทุกลำไว้ด้วยกัน แล้วแจวเรือทุกลำ ไปยังค่ายทหารของโจโฉพร้อมชักชวนโลซกให้นั่งกินดื่มสุราภายในเรือ อย่างสำราญใจ เมื่อเรือทุกลำแจวไปถึงค่ายทหารโจโฉ ขงเบ้งก็สั่ง การให้ทหารตีกลองร้องปาวทำเสียงอีกทึกครึกโครมให้สนั่น หวั่นไหว ทหารโจโฉเมื่อได้ยินเสียงดังอื้ออึงด้านนอกค่ายประดุจศัตรูจำนวนมาก ยกกำลัง มาหมายจะบุกโจมตีค่าย แต่หมอกลงจัดทำให้โจโฉไม่กล้าน้ำ กำลังทหารออกไปเกรงจะเป็น กลอุบายของศัตรูโจโฉจึงสั่งการให้ ทหารภายในค่ายระดมยิงลูกเกาทัณฑ์จำนวนมากไปยังเรือดำ ที่มองไม่ เห็น ขงเบ้งก็สั่งการให้ชักหุ่นฟางขึ้นรับลูกเกาทัณฑ์ดั่งท่าฝนของทหาร โจโฉ ที่ระดมยิงมาทุกทิศทุกทาง เมื่อได้ลูกเกาทัณฑ์เต็มฝั่งด้านช้าย แล้วก็ให้วกเรือกลับเพื่อรับลูกเกาทัณฑ์ทางด้านขวาจนได้ลูกเกาทัณฑ์เต็มเรือทั้งยี่สิบลำ ครั้นขงเบ้งเห็นลูกเกาทัณฑ์ดิตที่ที่นฬางมากพอกว่า จำนวนที่จิวยี่ต้อง การ ก็ให้ทหารหยุดส่งเสียงตีกลองร้องป่าวและให้หัน หัวเรือหลบหนี ก่อนจากไปขงเบ้งได้ตะโกนเยาะเย้ยโจโฉให้เจ็บใจว่า ขอบใจมหาอุปราชให้ลูกเกาทัณฑ์แก่เราเป็นอันมาก แลลูกเกาทัณฑ์นี้ ก็จะกลับมารบสนองคุณท่านเมื่อกลับถึงกังตั๋งขงเบ้งสั่งการให้ทหาร นำลูกเกาทัณฑ์จากหุ่นฟางมานับพบว่าได้จ้านวน มากกว่าสิบหมื่น และให้ทหารนำไปมอบให้แก่จิวยี่ตามสัญญา เมื่อจิวยี่ได้รับลูกเกาทัณฑ์ มากกว่าสิบหมื่นของขงเบ้งถึงกับตะลึงใน สติปัญญาอันหลักแหลมของ ขงเบ้งที่ตนเองวางกลอุบายหมายกำจัด แต่กลับไม่สามารถกำจัดได้ ตามที่คิด กลยุทธ์จูงแพะติดมือของขงเบ้ง ก็ประสบความสำเร็จในการ ลวงเอาลูกเกาทัณฑ์จำนวนมากจากโจโฉ มามอบให้แก่จิวยี่ตามสัญญา ภายในสามวันโดยไม่ต้องออกแรงและไม่ต้องโทษประหาร ชีวิตได้อย่าง งตงาม"
ตีหญ้าให้งูตื่น,เข้าตี,"หมายถึงการที่มี สิ่งใดพึงสงสัย ควรจงส่งคนไปทำการสอดแนมให้รู้ชัดแจ้งเพื่อเป็นการกุมสภาพของศัตรูเอาไว้ เมื่อได้ข่าวคราวของฝ่ายศัตรูแล้วจึงนำกำลังทหารบุกเข้าโจมตี เรียกว่า สงสัยพึงแจ้ง สังเกตจึงเคลื่อน คัมภีร์อี๋จิงกล่าวไว้ว่า ใช้มรรควิธีเดิมกลับไปมา 7 วัน เมื่อละเอียดแล้วจึงเข้าใจสิ่งนั้นได้ หากศัตรูสงบนิ่งพึงสร้างสถานการณ์ให้ศัตรูเคลื่อนไหวเพื่อให้เกิดช่องโหว่ จากนั้นจงหาโอกาสเอาชัย",การนำเอากลยุทธ์ตีหญ้าให้งูตื่นไปใช้ได้แก่ ขงเบ้งที่ต้องการดูชั้นเชิงกองกำลังทหารของโจโฉเมื่อคราวเล่าปี่กษัตริย์โจโฉไปตีฮั่นต๋ง เมื่อคราวที่เล่าปี่นำกำลังทหารยกทัพไปตีฮั่นต๋ง โจโฉได้นำกำลังทหารออกไปช่วยซุนกวน และปรึกษาทหารคนสนิทฝ่ายตนเองว่า ขงเบ้งเป็นที่ปรึกษาของเล่าปี่ต้องการจะดูชั้นเชิงทางการรบของทหารโจโฉ จึงให้ส่งนำกำลังทหารร้อยนาย เอาเอกองและแคงขึ้นไปตั้งทัพที่บริเวณเขาเหนือน้ำ ครั้นถึงเวลาค่ำคืนและได้ยินเสียงประดังดังขึ้น เมื่อโจโฉไม่เร่งนำกำลังพล ส่งเสียงให้ดังสนั่นหวั่นไหว แต่ห้ามนำกำลังทหารออกทำศึกด้วยเด็ดขาด ถึงยามเย็นขงเบ้งก็ไปอยูบนเขา สอดส่องดูความเคลื่อนไหวและชั้นเชิงในการรบของทหารโจโฉ รุ่งเช้าโจโฉนำกำลังทหารมาทำรบกับเล่าปี่ เล่าปี่ไม่สั่งการให้ทหารภายในกองทัพไม่ให้แสดงกิริยาใดๆ รวมทั้งออกไปทำศึกสงครามด้วย ทหารโจโฉเมื่อเห็นเล่าปี่เฉยเฉยและแปลกใจจึงตั้งทัพเผชิญหน้ากับเล่าปี่คนละฝั่งแม่น้ำอยู่ยิ่งคืนวันยิ่งนาน กำลังทหารกลับค่าย ขงเบ้งที่คอยดูชั้นเชิงทหารโจโฉก็คิดอ่านตีด้านสติปัญญาในการทำศึก เมื่อถึงเวลาเที่ยงคืนขงเบ้งก็จุดประทัดขึ้น สังหรณ์ใจว่ามีทหารไปซุ่มรอคอยบริเวณเขาเหนือน้ำ ได้ยินเสียงประทัด ให้ทหารซุ่มซ่อนตัวและเคลื่อนขึ้นพร้อมกับสั่งตกใจกลัวกันเอง กองทัพของศัตรูบุกเข้าโจมตีโจโฉพากันตกใจนึกว่าเล่าปี่นำกำลังทหารเข้ารุกจึงเตรียมพร้อมรบศึก แต่เมื่ออีกก็ไม่เห็นกองกำลังทหารเล่าปี่ ก็ประจักษ์ใจว่าทำเล่าอ้อยอิ่งอยู่ หากโจโฉเตรียมพร้อมรบเช่นเดิม ทหารทำการอ้อยอิ่งรบกวนกันสามวันสามคืน ทำให้กำลังทหารโจโฉไม่ได้หลับนอน คอยเตรียมพร้อมรบอยู่ตลอดเวลา โจโฉนึกครั่นคร้ามในกองกำลังทหารเล่าปี่ จึงสั่งให้ถอยทัพจากบริเวณฝั่งแม่น้ำ นำไปไกลถึงสองร้อยเส้น ไปยังทุ่งกว้างเพื่อหลีกเลี่ยงกำลังทหารเล่าปี่ที่ส่งเสียงกอกกวน ขงเบ้งที่ดูชั้นเชิงในการรบของทหารโจโฉก็เห็นได้ทีในการทำศึก จึงให้เล่าปี่ข้ามแม่น้ำไปตั้งค่ายและนำกำลังทหารตีกระหน่ำกองกำลังทหารโจโฉจนแตกพ่ายถอยร่นจากฝั่งแม่น้ำ ซึ่งเป็นจุดยุทธศาสตร์สำคัญในการทำศึกไปตั้งทัพในบริเวณทุ่งกว้างแทน ทำให้ขงเบ้งวางกลอุบายในการทำศึกสงครามกับโจโฉได้โดยสะดวก กลยุทธ์ตีหญ้าให้งูตื่น ก็ประสบความสำเร็จในการฉวยโอกาสสังเกตกองกำลังทหารและหาช่องโหว่ในการโจมตี ทัพของโจโฉแตกพ่ายได้อย่างงดงาม
ยืมซากคืนชีพ,เข้าตี,หมายถึงการที่ผู้ที่มีความสามารถและมีบทบาทในหน้าที่ต่างๆ จะใช้ความสามารถนั้นในการปฏิบัติหน้าที่อย่างผลิผลไม่ได้ ส่วนผู้ที่ไร้ซึ่งความสามารถในการปฏิบัติหน้าที่ก็มักจะขอความช่วยเหลืออยู่เป็นนิจ การที่ผู้ที่ไร้ซึ่งความสามารถในการปฏิบัติหน้าที่มิใช่เป็นการที่มอบหมายหน้าที่ให้ปฏิบัติ หากแต่เพราะผู้ที่ไร้ซึ่งความสามารถต้องพึ่งพาต้องการความช่วยเหลือ,"การนำเอากลยุทธ์ยืมซากคืนชีพไปใช้ได้แก่ ขงเบ้งที่ให้เม็ดข้าวสารใส่ไว้ในปากเพื่อเป็นการรักษาอายุ และหลอกทหารสุมาอี้ให้หลงเชื่อว่ายังมีชีวิตอยู่ กล่าวคือเมื่อคราวที่ขงเบ้งตายลงในระหว่างศึกกำบุนกุยเกียง ทำให้ต้องล่าถอยกลับจ๊กก๊กโดยด่วน ก่อนตายขงเบ้งกำชับให้ปิดข่าวการตายของตนเองให้มิดชิดและสั่งห้ามทหารทุกคนไว้ทุกข์และเศร้าโศกเสียใจ สั่งการให้เอียวหงอต่อโรงสำหรับบรรจุศพตนเองในทุ่ง นำเม็ดข้าวสารจำนวนเจ็ดเม็ดใส่ไว้ในปากพร้อมกับจุดโคมเพลิงสองไว้ใต้คางเพื่อเป็นการรักษาดาวสำหรับอายุให้สว่างไสวบนท้องฟ้า เมื่อสุมาอี้เห็นดาวประจำตัวของขงเบ้งยังคงฉายแสงไม่ได้ร่วงหล่นก็จะไม่กล้านำกำลังทหาร ติดตามมาพร้อมกับให้จัดหุ่นรูปตนเองไว้เพื่อสำหรับเตรียมการในการถอยทัพ และมอบหมายให้เกียงอุย นำกำลังทหารจัดทัพในรูปขบวนกระดาษเตรียมรับทหารสุมาอี้ สุมาอี้เห็นดาวประจำตัวของขงเบ้งตกถึงสามครั้งสามครา จึงเชื่อว่าขงเบ้งวางกลอุบายให้ทหารนำคบเพลิงขึ้นไปบนหุ่นมาหลอกให้หลงเชื่อว่าตายแล้วและนำกำลังทหารบุกเข้าโจมตี สุมาอี้เกรงจะต้องกลอุบายจึงสั่งทหารออกลาดตระเวนเพื่อสืบข่าวการตายของขงเบ้ง เกียงอุยและเอียวหงีนำกำลังทหารจำนวนพันนายไปดักซุ่มคอยทหารสุมาอี้ที่บริเวณเนินเขาแห่งหนึ่ง เมื่อทหารสุมาอี้มาถึงก็จุดประทัดให้สัญญาณ ทหารที่ซุ่มรอคอยส่งเสียงโห่ร้องอื้ออึงบริเวณเนินเขาห่างสองด้านพร้อมกับบุกโจมตี สุมาอี้เห็นกำลังทหารจ๊กก๊กจากชื่อและหุ่นรูปขงเบ้งที่บัญชาการรบกรีดทัพขับมาก็ตกใจ รำพันพูดกับเกียงอุยที่อยู่บนเนินเขาตะโกนว่า สุมาอี้ต้องการหาอุปราชจะหนีไปไหนได้เล่า ทหารสุมาอี้เห็นทหารและหุ่นรูปขงเบ้งก็ตกใจกลัวทิ้งอาวุธ วิ่งแตกตื่นหนีตายก็ล้มตาย สุมาอี้หลงเชื่อคำพูดของเกียงอุยที่ตนเองคิดว่าขงเบ้งยังอยู่และหลอกลวงขบวนทัพแบบไม่คิดชีวิต แม้สุมาอี้จะหนีไปได้แต่ยังขวัญผวาและเห็นขงเบ้งทำกิริยาประดุจถูกหลอก กลัวต้องเอาเมืองสองก๊กขึ้นมาเป็นของตัว เพื่อให้เกิดความแน่ใจว่าขงเบ้งบิดเบือนคำพูดนี้ หาจุดอ่อนหายไปไหน และอีกครั้งที่กลยุทธ์ยืมซากคืนชีพของขงเบ้ง สามารถช่วยรักษาจ๊กก๊กไว้ได้ยามที่ปลอดภัย เมื่อเตงงายนำกำลังทหารบุกโจมตีเสฉวนได้มอบหมายให้สุมาอี้ และเตงงายนำกำลังทหารไปตีจ๊กก๊ก จูกัดเกี๋ยมบุตรชายของขงเบ้ง ได้นำทหารออกมาต่อสู้รักษาจ๊กก๊ก จูกัดเกี๋ยมจึงเกณฑ์ทหารพร้อมด้วยลูกศิษย์คนสนิท อับดับที่สอง ขงเบ้งมหาอุปราช สุมาอี้และเตงงายเห็นกำลังทหาร จูกัดเกี๋ยมพร้อมด้วยหุ่นขงเบ้งก็ตกใจคิดว่าขงเบ้งนำกำลังทหารมากมายบุกโจมตี จึงสั่งถอยทัพกลับ จูกัดเกี๋ยมเห็นได้ทีจึงนำกำลังทหารเข้าโจมตีทหารสุมาอี้และเตงงายจนแตกพ่าย ล้มตายเป็นจำนวนมาก กลยุทธ์ยืมซากคืนชีพของขงเบ้ง ก็ประสบความสำเร็จในการหลอกสุมาอี้ถอยทัพกลับจ๊กก๊กและช่วยรักษาจ๊กก๊กไว้ได้อย่างงดงาม"
ล่อเสือออกจากถ้ำ,เข้าตี,"หมายถึงการใช้ภาพลวงที่จงใจสร้างขึ้นเพื่อหลอกล่อให้ศัตรูเกิดความประมาทชะล่าใจในการทำศึกสงคราม และแนวฐานการป้องกันของกองทัพซึ่งเป็นจุดยุทธศาสตร์สำคัญ เป็นโอกาสของการฉกฉวยที่ศัตรูเกิดความอ่อนแอในภาพลวงที่สร้างขึ้น นำกำลังบุกเข้าโจมตีหรือทำลายเสียให้สิ้นซากช่วงชิงชัยชนะมาเป็นของตนดังคำกล่าวว่า อันธพาลเลือเมื่ออยู่ในถ้ำอันตราย จะจับเสือได้ก็ต่อเมื่อให้มาตกในหลุมพรางที่ดักไว้",การนำเอากลยุทธ์ล่อเสือออกจากถ้ำไปใช้ได้แก่ อ้องอุ้นที่ใช้กลยุทธ์สาวงามทำให้ตั๋งโต๊ะผิดใจกับลิโป้และลวงไปฆ่าในวังหลวง เมื่อคราวที่ตั๋งโต๊ะยึดอำนาจในราชสำนักจากพระเจ้าห้องจูเหียบและประหารชีวิต ก่อนตั้งพระเจ้าห้องจูเหียบขึ้นเป็นฮ่องเต้แทน แต่งตั้งตนเองเป็นมหาอุปราชและมีฐานะเป็นบิดาบุญธรรมของพระเจ้าห้องจูเหียบ ตั๋งโต๊ะถืออำนาจบาตรใหญ่ข่มเหงขุนนางจีนและผู้ที่ไม่เห็นด้วยกับการเข้ายึดอำนาจ สร้างความเดือดร้อนวุ่นวายไปทั่วทั้งแผ่นดิน เหล่าขุนนางพากันเคียดแค้นชิงชังตั๋งโต๊ะ โจโฉพยายามลอบสังหารตั๋งโต๊ะแต่ไม่สำเร็จหลบหนีไปจากเมืองหลวงและปลอมแปลงราชโองการนำกำลังทหารจากหัวเมืองต่างๆ หมายกำจัดตั๋งโต๊ะให้สิ้นซากแต่แผนการของโจโฉกลับล้มเหลว เมื่อกองทัพจากหัวเมืองต่างๆ เกิดแตกแยกกันเองทำให้ไม่สามารถกำจัดตั๋งโต๊ะได้สำเร็จ ตั๋งโต๊ะจึงสั่งย้ายเมืองหลวงจากลกเอี๋ยงไปยังเมืองเตียงฮันแทน อ้องอุ้นซึ่งเป็นขุนนางจีนทนพฤติกรรมตั๋งโต๊ะไม่ไหวจึงวางกลอุบายกลยุทธ์สาวงามทำทีเป็นยกเตียวเสี้ยนบุตรสาวบุญธรรมให้แก่ตั๋งโต๊ะ
แสร้งปล่อยเพื่อจับ,เข้าตี,"หมายถึงการใช้สติปัญญาในการวางแผน การจับเชลยศึกสงครามนั้นถ้าหากบีบคั้นจนเกินไปจนไม่สามารถรีดเอาความต่างๆ ได้ เปรียบประหนึ่ง สุนัขที่จนตรอก ย่อมต่อสู้จนสุดชีวิต การปล่อยศัตรูให้เป็นฝ่ายหลบหนีก็เป็นการทำลายขวัญและกำลังใจ ความเหิมเกริมของศัตรูได้ การปล่อยศัตรูหลบหนีจะต้องนำกำลังไล่ตามอย่างลดละ เพื่อเป็นการบั่นทอนกำลังทหารของศัตรูให้อ่อนแรง กะปลกกะเปลี้ย ครั้นเมื่อหมดสิ้นเรี่ยวแรง มีใจที่คิดต่อสู้ด้วยก็จะยอมจำนนสวามิภักดิ์ เมื่อนั้นจึงจับเอาเป็นเชลยได้โดยง่าย ซึ่งเป็นการทำศึกสงครามที่ไม่เสียเลือดเนื้อและกำลังทหาร อีกทั้งยังเป็นเหตุให้ศัตรูแตกพ่ายยับเยินไปเอง",การนำเอากลยุทธ์แสร้งปล่อยเพื่อจับไปใช้ได้แก่ ขงเบ้งที่ทำศึกสงครามกับเบ้งเฮ็ก เมื่อจับได้เป็นเชลยก็ปล่อยตัวเสีย เพื่อให้เบ้งเฮ็กไปรวบรวมผู้คนมาต่อสู้อีกครั้ง จนกระทั่งยอมแพ้และสวามิภักดิ์ต่อขงเบ้ง
โยนกระเบื้องล่อหยก,เข้าตี,หมายถึงการใช้สิ่งที่มีความคล้ายคลึงกันในการหลอกล่อศัตรูให้ศัตรูเกิดความสับสนและต้องกลอุบายแตกพ่ายไป การใช้กลยุทธ์โยนกระเบื้องล่อหยกนี้ เป็นกลยุทธ์ที่กำหนดขึ้นตามสภาพรูปธรรมของศัตรูในยามทำศึกสงครามเมื่อได้รบพุ่งกับศัตรู แม่ทัพหรือขุนศึกฝ่ายตรงข้ามมีแต่ความโง่เขลา ไม่รู้จักการพลิกแพลงกลยุทธ์ในเชิงรบ จักหลอกล่อด้วยผลประโยชน์ อำนาจวาสนา ถ้าศัตรูในเวลาคราวต่างๆ มีปรีชาญาณ ขาดการไตร่ตรองใคร่ครวญในกลอุบาย ก็สามารถลอบซุ่มทหารโจมตีเอาชนะมาเป็นของตนได้โดยง่าย,การนำเอากลยุทธ์โยนกระเบื้องล่อหยกไปใช้ได้แก่ ขงเบ้งที่พึงพอใจฝีมือเกียงอุยจึงอยากได้ตัวไว้ จึงยอมเสียหัวหลิมซึ่งมีตำแหน่งเป็นถึงบุตรเขยของโจโฉเพียงเพื่อให้ได้มาซึ่งนายทหารที่มีสติปัญญาเป็นเลิศ
จับโจรเอาหัวโจก,เข้าตี,"หมายถึงการทำศึกสงคราม จักต้องบุกเข้าโจมตีศัตรูในจุดที่เป็นยุทธศาสตร์ของกองทัพ เพื่อสลายกำลังของศัตรูให้แตกกระจาย ศัตรูที่มีแม่ทัพฝีมือดีในการทำศึกสงครามย่อมเป็นขวัญและกำลังใจของเหล่าทหาร การวางแผนใช้กลอุบายหลอกล่อเอาชนะแม่ทัพที่มีฝีมือในเชิงยุทธ์ที่เก่งกาจจักต้องกลอุบายที่สับสน หลอกล่อให้หลงทิศและขจัดเสียให้พ้นเสมือน มังกรสู่บนบุปผี อับจนหมดหนทาง ซึ่งเปรียบประหนึ่งดุจมังกรในท้องทะเล อาจหาญขึ้นมาต่อสู้ศัตรูบนพื้นดิน ย่อมได้รับความปราชัยศัตรูได้โดยง่าย",การนำเอากลยุทธ์จับโจรเอาหัวโจกไปใช้ได้แก่ ขงเบ้งที่มีความเกรงเกรงต่อสุมาอี้ ในการทำศึกสงครามกับวุยก๊กจึงวางกลอุบายขจัดสุมาอี้ เมื่อปราศจากสุมาอี้แล้ว ขงเบ้งก็ไม่เกรงกลัวต่อความยิ่งใหญ่ของกองทัพวุยก๊กอีกต่อไป
ถอนฟืนใต้กระทะ,ติดพัน,"หมายถึงการวิเคราะห์เปรียบเทียบกำลังของศัตรูในการทำศึกสงคราม ถ้ากองทัพพินิจน้อยว่าควรพึงหาทางบั่นทอนขวัญและกำลังใจ ความเหิมเกริมของศัตรูให้ลดน้อยถอยลง คัมภีร์อี๋จิงกล่าวว่า ดุจฟ้าอยู่เหนือน้ำ โดยคำว่า น้ำ หมายถึงความแข็งแกร่ง คำว่า ฟ้า หมายถึงความอ่อนแอ เมื่อรวมกันแล้ว ดุจฟ้าอยู่เหนือน้ำ หมายความถึงความอ่อนชนะความแข็ง คือการพึงใช้วิธีอ่อนพิชิตแข็ง ฉวยจังหวะและโอกาสในการทำลายกองทัพส่วนหนึ่งของศัตรูให้แตกพ่ายย่อยยับในภายหลัง",การนำเอากลยุทธ์ถอนฟืนใต้กระทะไปใช้ได้แก่ เกียงอุยที่วางกลอุบายให้สุมาเจียวหลงเชื่อว่าเตงงายคิดหมายตั้งตนเองเป็นใหญ่และสั่งให้จับไปฆ่า
กวนน้ำจับปลา,ติดพัน,หมายถึงการรู้จักฉวยจังหวะที่ศัตรูเกิดความปั่นป่วนภายในกองทัพให้เป็นประโยชน์ แย่งชิงเอาผลประโยชน์นั้นมาเป็นของตน นำกำลังทหารบุกเข้าโจมตีเพื่อให้ได้มาซึ่งชัยชนะ การเอาชัยชนะจากศัตรูโดยอาศัยความปั่นป่วนภายในกองทัพเป็นดุจดังพายุฝนที่พัดกระหน่ำในยามค่ำคืน ภูมิประเทศที่ต่ำกว่าก็กักขังน้ำฝนไว้เป็นแอ่ง ธรรมชาติของมนุษย์เมื่อสัมผัสกับไอเย็นและละอองฝนจักเข้าสู่ห้วงนิทรา การเฝ้าระวังเวรยามย่อมหลงละหลวม กองกำลังป้องกันแนวสำคัญย่อมเพิกเฉยต่อหน้าที่ ทำให้สามารถบุกเข้าโจมตีที่ยึดครองได้โดยง่าย,การนำเอากลยุทธ์กวนน้ำจับปลาไปใช้ได้แก่อ้วนเสี้ยวที่วางกลอุบายหลอกใช้กองซุนจ้านในการนำกองกำลังทหารบุกร่วมเข้าโจมตียึดเอาเกงจิ๋วจากฮันฮอก
จักจั่นลอกคราบ,ติดพัน,"หมายถึงการรักษาไร้ซึ่งตามแผนการจัดแนวรบในรูปแบบเดิม ให้แลดูสง่าและน่าเกรงขาม เป็นการหลอกล่อไม่ให้ศัตรูเกิดความสงสัย ไม่กล้าผลีผลามนำกำลังทหารบุกเข้าโจมตี เมื่อรักษาแนวรบไว้ได้มั่นคงแล้ว จึงแสร้งถอยทัพอย่างปกติเคลื่อนกำลังทหารให้หลบหลีกไป คัมภีร์อี้จิงกล่าวว่า เลี่ยงเพื่อสลายลวง โดยคำว่า เลี่ยง หมายถึงการหลบหลีก คำว่า ลวง หมายถึงการทำให้เกิดความสับสนงงงวย เมื่อรวมกันแล้ว เลี่ยงเพื่อสลายลวง หมายความถึงการหลบหลีกโดยมิให้ผู้ใดล่วงรู้ ซึ่งนับว่าเป็นกลยุทธ์ในการถอยทัพโดยไม่เกิดความกระโตกกระตาก เพื่อให้บรรลุยังเป้าหมายที่ได้กำหนดไว้ หรือเป็นการหลีกเลี่ยงความสูญเสียเลือดเนื้อหรือการปะทะที่อาจเกิดขึ้นในกองทัพ",การนำเอากลยุทธ์จักจั่นลอกคราบไปใช้ได้แก่ ขงเบ้งที่วางกลอุบายอำพรางการถอยทัพกลับจ๊กก๊กในการบุกวุยก๊กครั้งที่ 5 โดยไม่ให้สุมาอี้ล่วงรู้และนำกำลังทหารติดตามมา
ปิดประตูจับโจร,ติดพัน,"มีความหมายเมื่อต้องเผชิญหน้ากับศัตรูที่มีความอ่อนแอด้วยจำนวนที่น้อยนิด พึงตีโอบล้อมแล้วบุกทำลายเสียให้สิ้นซาก เพื่อเป็นการป้องกันไม่ให้เป็นภัยต่อไปในภายหลัง คัมภีร์อี๋จิงกล่าวว่า ปล่อยมิเป็นคุณซิ่งติงพัน โดยคำว่า ปล่อย หมายความถึงการแตกกระจายออกเป็นกองเล็กกองน้อยของศัตรู พละกำลังย่อมอ่อนเปลี้ยไร้สมรรถนะเสียขวัญและกำลังใจในการต่อสู้ คำว่า ติงพัน หมายความถึงการติดตาม ไล่ล่าอย่างไม่ลดละทั้งระยะทางใกล้ไกล ซึ่งคำว่า มิเป็นคุณซิ่งติงพัน ก็คือเมื่อแม้นศัตรูจะแตกออกเป็นกองเล็กกองน้อย หากในการทำศึกสงครามแล้ว ปล่อยให้หลบหนีไปได้ด้วยเหตุอันใดก็ตาม แม้จะเป็นเพียงกองเล็กๆ แต่อาจนำภัยหวนกลับมาสร้างความยุ่งยากในภายหลัง จนต้องไล่ติดตามเพื่อทำลายเสีย เช่นนี้มิเป็นประโยชน์ในการทำศึกสงคราม",การนำเอากลยุทธ์ปิดประตูจับโจรไปใช้ได้แก่ ลิโป้ที่วางกลอุบายตักจับกวนอูและกวนเป๋งที่นำกำลังทหารหวนกลับมาตีเกงจิ๋วคืน หลังจากที่กวนอูพลาดท่าเสียทีให้แก่ซุนกวน
คบไกลตีใกล้,ติดพัน,"หมายถึงเมื่อถูกจำกัดโดยสภาพภูมิศาสตร์ ควรจัดเอาศัตรูที่อยู่ในบริเวณใกล้ตัวจึงจะเป็นประโยชน์ การบุกโจมตีศัตรูที่อยู่ห่างไกลออกไป จักกลายเป็นผลร้ายแก่กองทัพ คัมภีร์อี๋จิงกล่าวว่า เปลวไฟอยู่บนน้ำแข็ง บุรุษจักร่วมกันเพราะความผิดแผก หมายความคือการหยิบยื่นมิตรเพื่อผูกมิตรสัมพันธ์นั้น แม้นความคิเห็นแต่ละฝ่ายอาจไม่ตรงกัน ก็สามารถที่จะยุติความขัดแย้ง และสามารถที่จะจับมือร่วมกันทำศึกสงครามได้ในช่วงระยะเวลาหนึ่ง ดังนั้นเมื่อต้องเผชิญหน้ากับศัตรูใกล้ไกล พึงมีนโยบายที่แตกต่างกัน ซึ่งเป็นกลยุทธ์ที่ผูกมิตรกับแคว้นไกลเพื่อเอาชัยชนะต่อแคว้นใกล้กว่าหนึ่ง",การนำเอากลยุทธ์คบไกลตีใกล้ไปใช้ได้แก่ ขงเบ้งที่เสนออุบายให้เล่าปี่มีมือเข้าช่วยเหลือเกงจิ๋วของซุนกวนให้รอดพ้นจากเอื้อมมือการบุกโจมตีของโจโฉ
ยืมทางพรางกล,ติดพัน,หมายถึง การทำศึกสงคราม ประเทศเล็กที่ตั้งอยู่ในระหว่างประเทศใหญ่สอง ประเทศ เมื่อถูกศัตรูบีบบังคับให้ยอมแพ้ด้วยความจำใจ ยอมสยบอยู่ ภายใต้สำนาจ ถูกกดขี่ข่มเหงก็ควรจะให้การช่วยเหลือโดยฉับพฉับพลัน เพื่อ ให้ประเทศเล็กที่ถูกข่มเทงรังแกมีความเชื่อถือต่อต่อประเทศที่ยอมชายกเหลือประเทศที่ตกอยู่ภายใต้ความยากลำบาก หากการช่วยเหลือแต่ เพียงการเจรจามิได้มีการกระทำที่แท้จริง ย่อมจะไม่ได้รับความไว้ วางใจจากผู้ที่เฝ้ารอคอยรับความช่วยเหลือ,การนำเอากลยุทธ์ยิ้มทางพรางกลไปใช้ได้แก่ ขงเบ้งที่รู้เท่าทันการวางกลอุบายของจิวยี่ที่คิดยืมทางเพื่อไปตีเสฉวน และฉวยโอกาสฆ่าเล่าปี่ที่บิดพลิ้วไม่ยอมคืนเกงจิ๋วให้แก่ซุนกวน
ลักชื่อเปลี่ยนเสา,ร่วมรบ,หมายถึงการต่อกำลังที่ร่วมทำศึกด้วยหรือต่อสู้ จักต้องหาทางเปลี่ยนแปลงการจัดเตรียมแนวรบของศัตรูอยู่เสมอ การถอดถอนเคลื่อนย้ายจุดยุทธศาสตร์และกองกำลังสำคัญของศัตรูไปเพื่อให้ศัตรูเกิดความอ่อนแอเสียขวัญและกำลังใจ ประสบกับความพ่ายแพ้ จึงฉวยโอกาสพลิกสถานการณ์ที่ศัตรูเกิดความย่ำแย่ให้เป็นประโยชน์แก่ตน นำกำลังบุกเข้าโจมตียึดครองและควบคุมกองทัพของศัตรูไว้ใต้การบังคับบัญชา เพื่อประโยชน์ต่อไปในภายหน้า,การนำเอากลยุทธ์ลักชื่อเปลี่ยนเสาไปใช้ได้แก่ เทียเถ้าที่วางกลอุบายหลอกเอาตัวตันฮกออกมาจากเล่าปี่เพื่อให้เป็นที่ปรึกษาแกโจโฉ ภายหลังที่ตนวางกลอุบายซุ่มโจมตีกองทัพของโจหยินจนแตกพ่ายยับเยิน
ต้นหม่อนด่าต้นไหว,ร่วมรบ,"หมายถึงเมื่อฝ่ายที่มีความเข้มแข็งมากกว่า หรือแคว้นที่มีกองกำลังทหารอยู่ใต้สังกัดมากมาย ข่มเหงรังแกแคว้นเล็กหรือผู้ที่มีกำลังทหารน้อยกว่า ควรที่จะใช้วิธีการตักเตือนให้เกิดความเกรงกลัวและยำเกรง แม้นหากแสดงความเข้มแข็งให้ได้ประจักษ์ ก็จักได้รับความสนับสนุนจากผู้ที่อ่อนแอว่า ถ้าหาญกล้าใช้ความรุนแรง ก็จักได้รับความยอมรับนับถือจากผู้ที่อ่อนแอ คัมภีร์อี๋จิงกล่าวว่า แกร่งจึงต้อนรับ เสี่ยงจึงย่อมสยบ นี่คือหนทางปกครองแผ่นดินราษฎรจึงยินดีขอ",การนำเอากลยุทธ์ชี้ต้นหม่อนด่าต้นไหวไปใช้ได้แก่ สุมาอี้ที่บุกเข้าควบคุมตัวของครอบครัวโจซองภายหลังจากที่ลดทอนอำนาจของสุมาอี้เพียงเพื่อหวังในตำแหน่งอุปราช
แสร้งทำบอแต่ไม่บ้า,ร่วมรบ,"หมายถึงการแสร้งยอมทำเป็นโง่ มิเคลื่อนไหวอย่างอวดดีทำเป็นรู้สู้ทำบุ่มบ่าม การอวดรู้อ่อมกลายเป็นผลเสียแก่ตนเองได้ในภายหน้า คัมภีร์อี๋จิงกล่าวว่า ดุจดั่งอสนีบาตหยุดฟ้าฟัน โดยคำว่า หยุด หมายความถึง อสนีบาตหยุดหนาวแฝงกายอยู่ใต้พื้นปฐมธาติ แตกต้องก้องธาตุดูดซึมซาบไปในผิวดิน ซึ่งมีความหมายว่า ผู้มีสติปัญญามิพึงแสดงตัว แต่พึงเตรียมการทั้งปวงอย่างลับ ๆ มิให้ผู้ใดล่วงรู้ ประหนึ่งคมดาบที่แอบซ่อนอยู่ภายในฝัก มิปรากฏให้ผู้ใดได้เห็น ครั้นเมื่อถึงเวลาอันสมควรก็จักคำรนคำรามเสมือนสายฟ้า ที่จะกระหน่ำปฐมธาตุให้แตกลายไป",การนำเอากลยุทธ์แสร้งทำบอแต่ไม่บ้าไปใช้ได้แก่ เล่าปี่ที่แสร้งทำเป็นหวาดกลัวเสียงฟ้าร้องจนตะเกียบหลุดจากมือ เพื่อให้โจโฉตายใจและไม่คิดระแวงเล่าปี่อ่านคิดการใหญ่ในภายหน้า
ขึ้นบ้านชักบันได,ร่วมรบ,"หมายถึงการจงใจปกปิดเร้นจุดอ่อนเพื่อให้ศัตรูมองเห็น สร้างเงื่อนไขและหลอกล่อให้ศัตรูเป็นฝ่ายบุกเข้าโจมตี แล้วตัดขาดส่วนหน้าที่คอยวางกำลังสมทบและส่วนหลังที่คอยวางกำลังไว้เป็นกองหนุน ตีโอบศัตรูให้หลบหนีเข้าไปภายในกองทัพ เสมือนถุงที่อ้าปากไว้รับหรือวงล้อมหลุมพรางที่วางดักไว้ คัมภีร์อี๋จิงกล่าวว่า เจอพิษ มิควรที่ การขบเปรียบประดุจการบดเคี้ยวเอากระดูกหรือเนื้อที่มีความเหนียว รั้งแต่จะทำให้ฟันเกิดการชำรุดเสียหาย หรือเสมือนดังแมกไม้ในสิ่งที่มีควรได้ฉันใด ย่อมจักนำมาซึ่งความวิบัติฉันนั้น",การนำเอากลยุทธ์ขึ้นบ้านชักบันไดไปใช้ได้แก่ ขงเบ้งที่วางกลอุบายให้ม้าต้ายนำเกวียนที่บรรทุกประทัดและดินดำไปซุ่ม เพื่อช่วยเหลืออุยเอี๋ยนในคราวศึกกับลุดตัดกุด
ต้นไม้ผลิตอก,ร่วมรบ,หมายถึงการใช้แนวรบของพันธมิตรมาสร้างแนวรบป้องกันที่จะกลายเป็นประโยชน์อย่างยิ่งแก่ตนเอง แม้นกองกำลังทหารจะเล็กน้อยก็สามารถทำให้แลดูเสมือนกองกำลังทหารที่ใหญ่โตได้ ดุจเดียวกับนกอินทรีที่พึงผินบินอยู่ในอากาศ เมื่อกางปีกทั้งสองออกช่วยทำให้หงอนอินทรีแลดูมีท่วงท่าที่สง่าและน่าเกรงขาม เฉกเช่นเดียวกับต้นไม้ที่ไม่เร่งออกผล เมื่อนำดอกไม้มาเสียบติดไว้ทำให้ดูสวยงามขึ้น ผู้ที่ไม่ทันสังเกตก็จะไม่รู้ว่าดอกไม้ไม่ใช่ของจริง เป็นเพียงการสร้างสิ่งบังหน้าเพื่อฉวยโอกาสในการเคลื่อนไหว,การนำเอากลยุทธ์ต้นไม้ผลิตอกไปใช้ได้แก่ โจโฉที่ฉวยจังหวะและโอกาสอาศัยพระนามของพระเจ้าเหี้ยนเต้บงหน้าในการนำกองกำลังทหารปราบปรามแคว้นต่าง ๆ ที่ไม่ยอมขึ้นกับตนเอง
สลับแขกเป็นเจ้าบ้าน,ร่วมรบ,"หมายถึงเมื่อฝ่ายหนึ่งเปิดช่องสบโอกาสให้สอดแทรก ควร สอดแทรกเพื่อกุมจุดสำคัญหรือหัวใจของอีกฝ่ายไว้ คัมภีร์อี้จิงกล่าวว่า ค่อยผันสู่ชัยชนะ โดยคำว่า รุก หมายความถึง สรรพสิ่งใดในใต้หล้า เคลื่อนอย่าร้อนรนจักเสีย สงบแต่คล้อยตามจักได้ ค่อย ๆ ผันไปช้า ๆ จักเป็นคุณ เคลื่อนดังนี้จึงจะมีผล โดย ค่อยผันสู่ชัยชนะ หมายความถึงการตอกลิ่มเข้าไปในฝ่ายตรงข้ามเพื่อยึดครองอำนาจการบังคับบัญชา จักต้องค่อยเป็นค่อยไปจึงจะบรรลุซึ่งชัยชนะ การใช้อารมณ์บุ่มบ่าม ทำการใหญ่ไม่เป็นผลในการทำศึกสงคราม นอกจากจะเป็นการเปิดช่องโหว่ให้ศัตรูแล้ว ยังเสี่ยงต่อการพ่ายแพ้ในการศึกอีกด้วย",การนำเอากลยุทธ์สลับแขกเป็นเจ้าบ้านไปใช้ได้แก่ เตียวสิวที่วางกลอุบายลอบฆ่าโจโฉและเตียนอุยโดยใช้อาสะใภ้ตนเองเป็นเหยื่อล่อให้โจโฉหลงกล
สาวงาม,ยามพ่าย,หมายถึงการกำจัดศัตรูที่มีกำลังเข้มแข็ง ในการทำศึกสงครามจำเป็นต้องหาทางกำจัดแม่ทัพเสียก่อน หากปล่อยไว้จะเป็นภัยในภายหน้า ต่อแม่ทัพที่มีความเฉลียวฉลาด สติปัญญาเป็นเลิศ ชำนาญตำราพิชัยสงคราม รอบรู้ภูมิประเทศและจุดยุทธศาสตร์ เก่งกาจในเชิงยุทธ์ จักต้องโจมตีจุดอ่อน ทางใจให้มีอุปสรรค ส่วนแม่ทัพที่หย่อนย่อท้อแท้ กำลังทหารไพร่พลที่กำลังถดถอย ก็จักอ่อนแอและเสื่อมโทรมพ่ายแพ้ไปเอง,การนำเอากลยุทธ์สาวงามไปใช้ได้แก่ อ้องอุ้นที่วางกลอุบายทำลายความสัมพันธ์ของ ตังโต๊ะและลิโป้บุตรบุญธรรม ด้วยการยกเตียวเสี้ยนให้เป็นภรรยา ทำให้ทั้งสองฝ่ายผิดใจกันจนเป็นเหตุให้ลิโป้ฆ่าตังโต๊ะ
ปิดเมือง,ยามพ่าย,"หมายถึงในยามศึกสงคราม หากกำลังทหารไพร่พลเกิดความอ่อนแอหรือมีกำลังน้อย ยิ่งจงใจแสดงให้ศัตรูเห็นว่าในการศึกมิได้มีการวางแนวป้องกัน ทำให้ศัตรูเกิดความฉงนสนเท่ห์ ไม่กล้าผลีผลามนำกำลังเข้าบุกโจมตี ในสถานการณ์ที่ศัตรูมีกำลังมากกว่า การใช้กลยุทธ์ปิดเมืองเพื่อป้องกันกองทัพตนเองเป็นการเลือกใช้กลยุทธ์ที่มีความพิสดารพลิกแพลงเป็นทวีคูณ คัมภีร์อี้จิงกล่าวว่า ท่ามกลางแข็งกันอ่อน โดยคำว่า แก้ ใช้ควบคู่กับคำว่า พิสดาร ซ่อนพิสดาร ซึ่งหมายความว่า ในขณะที่ศัตรูมีกองกำลังแข็งแกร่ง หากแต่กองกำลังไพร่พลอ่อนแอให้จัดกำลังทหารโดยใช้กลยุทธ์ กลวงยิ่งทำกลวง เพื่อเป็นการแสดงให้เห็นถึงความพิสดารในการศึกที่ศัตรูคาดการณ์ไม่ถึง",การนำเอากลยุทธ์ปิดเมืองไปใช้ได้แก่ ขงเบ้งที่ถอยทัพหลบหนีสุมาอี้หลังจากที่ม้าเจ๊กเสียเมืองเกงเต๋ง โดยแสร้งทำเป็นวางเฉยไม่สะทกสะท้านกับกองกำลังทหารสุมาอี้ที่ยกทัพติดตามมา ในครั้งนั้นขงเบ้งใช้วิธีเปิดประตูเมืองไว้แล้วขึ้นไปนั่งดีดพิณบนประตูเมืองเพื่อถ่วงเวลาให้ทหารได้ถอยทัพอย่างสะดวกและสามารถข่มทัพของสุมาอี้ จนสุมาอี้ไม่กล้าผลีผลามบุกเข้ายึดเอาเมืองและต้องถอยทัพกลับไป
ไส้ศึก,ยามพ่าย,"หมายถึงเมื่อศัตรูแสร้งวางกลอุบายหลอกล่อให้เกิดการแตกแยกภายในกองทัพ ขาดความไว้ใจ พึงซ่อนกลอุบายสร้างแผนลวงให้ศัตรูเกิดความแตกร้าวฉาน ให้ศัตรูเกิดความระแวงสงสัยซึ่งกันและกัน ใช้ประโยชน์จากความระแวงแล้วฉวยโอกาสบุกเข้าโจมตีแย่งชัยชนะมาเป็นของตน คัมภีร์อี้จิงกล่าวว่า มีผู้แฝงอยู่ภายใน ไม่เสียหายแก่เรา โดยคำว่า ช่วย หมายความถึงเมื่อมีการช่วยเหลือจากภายในของศัตรู ย่อมเป็นประโยชน์ในการทำศึก จึงเป็นการสร้างขวัญและกำลังใจในการบุกเข้าโจมตีศัตรูให้ย่อยยับสิ้นซาก",การนำเอากลยุทธ์ไส้ศึกไปใช้ได้แก่ เกียวบี๋ที่แสร้งรับซัวต๋งและซัวโฉวนายทหารไส้ศึกของ โจโฉในคราวศึกเซ็กเพ็ก และวางกลอุบายซ้อนแผนเผากองทัพเรือของ โจโฉจนมอดวาย
ตีเรืออับปาง,ยามพ่าย,"หมายถึงเมื่อฝ่ายตรงข้ามกำลังเพลี่ยงพล้ำในการทำศึกสงคราม ควรถือโอกาสบุกเข้าโจมตีทันทีอย่าปล่อยให้หลุดรอดไปได้ ให้หลงเหลือแต่เพียงซากที่มิอาจฟื้นฟูกลับคืนมาได้ดังเดิม การทำลายขวัญและกำลังใจของศัตรู ให้เป็นฝ่ายเสียเปรียบในการทำศึกสงครามนั้นย่อมเป็นฝ่ายได้เปรียบมากกว่า คัมภีร์อี๋จิงกล่าวว่า อ่อนแอจงตี โดยคำว่า อ่อน หมายความถึง กองกำลังที่อ่อนแอ เพลี่ยงพล้ำในสงคราม เปรียบดุจปลาที่ไร้ซึ่งน้ำ หากปราศจากน้ำก็ตาย ซึ่งหมายความถึง เมื่อศัตรูเกิดความอ่อนแอและปราชัยในเชิงกลยุทธ์ของกองกำลังที่กำลังแตกพ่าย ย่อมส่งผลให้กองทัพและเหล่าทหารเสียขวัญและกำลังใจ เปรียบดุจการต่อสู้ครั้งสำคัญนั้นจักต้องทำลายให้ย่อยยับเป็นซาก",การนำเอากลยุทธ์ตีเรืออับปางไปใช้ได้แก่ ขงเบ้งที่วางกลอุบายให้เตงงายหลงเชื่อว่าเป็นบุตรของจูกัดเกี๋ยม เพื่อเป็นการแก้ไขสถานการณ์และบุกตีเมืองกิจิ๋ว
เรือนว่าง,ยามพ่าย,"หมายถึงการแสร้งทำเป็นว่างเปล่า หรือไม่มีกองกำลังทหารอยู่ในเมืองหรือค่าย เพื่อหลอกล่อให้ศัตรูเกิดความประมาทและยกทัพบุกเข้ามา ซึ่งเมื่อศัตรูหลงกลก็จะสามารถใช้กลอุบายซุ่มกำลังทหารโจมตีหรือทำลายกองทัพของศัตรูได้โดยง่าย ตำราพิชัยสงครามกล่าวไว้ว่า รุกเข้าช่องว่าง โจมตีเมื่อศัตรูไม่มีขุนพล โดยคำว่า ช่องว่าง หมายความถึง ความว่างเปล่าของกองกำลังทหาร โจมตี หมายความถึง การโจมตีเอาชนะ ซึ่งหมายความว่า เมื่อศัตรูยกทัพมาจะพบกับความว่างเปล่า แสร้งทำเป็นไม่มีทหารในเมืองหรือค่าย ซึ่งศัตรูย่อมไม่กล้าบุกเข้ามาเพราะเกรงจะต้องกลอุบาย หากบุกเข้าไปก็จักต้องเสียทีให้แก่การซุ่มโจมตีของศัตรู",การนำเอากลยุทธ์เรือนว่างไปใช้ได้แก่ เตียวหุยที่สั่งให้เปิดประตูเมืองหลอกโจโฉให้บุกเข้ามาเพื่อล่อเข้าไปทำร้าย
บาดเจ็บยอมได้,ยามพ่าย,"หมายถึงการหลอกล่อให้ศัตรูเกิดความประมาท แสร้งทำเป็นอ่อนแอเพลี่ยงพล้ำในการทำศึกสงคราม หรือแสร้งทำเป็นบาดเจ็บเพื่อให้ศัตรูตายใจ เมื่อศัตรูเกิดความประมาทและยกทัพบุกเข้าโจมตี ก็จะฉวยโอกาสเอาชนะได้โดยง่าย คัมภีร์อี๋จิงกล่าวว่า เป็นคุณต่อการมีผู้มาเยี่ยม โดยคำว่า เยี่ยม หมายความถึง การโจมตีหรือการบุกเข้าโจมตี และ เป็นคุณต่อการมีผู้มาเยี่ยม หมายความว่า เมื่อศัตรูบุกมา ก็จักเข้ากลอุบายของตนเอง โดยผู้ที่วางกลอุบายจะเตรียมการรับมือ และฉวยโอกาสทำลายกองทัพของศัตรูให้ย่อยยับ",การนำเอากลยุทธ์บาดเจ็บยอมได้ไปใช้ได้แก่ จิวยี่ที่แสร้งทำเป็นโกรธเคืองขงเบ้งในการทำศึกสงครามกับโจโฉในคราวศึกเซ็กเพ็ก เพื่อต้องการให้โจโฉหลงเชื่อในกลอุบายของตนเอง